1366x768,229528
1920x1080,93814
1600x900,52396
1440x900,44426
1280x1024,34500
3840x1080,24334
1280x800,19207
1680x1050,15434
3286x1080,12568
2560x1024,9072
1360x768,8981
1024x768,8868
3200x1080,8537
3840x1200,7877
3520x1080,7789
1920x1200,7316
3360x1050,5894
2646x1024,5865
3600x1080,4146
2880x900,3915
1364x768,3663
3360x1080,3619
2732x768,3357
3200x900,3281
2806x900,3270
2966x900,2818
3200x1200,2518
2960x1050,2276
1280x768,2077
2880x1024,2034
2560x1440,1887
3280x1050,1860
3046x1050,1841
1280x720,1809
3520x1200,1466
3040x900,1361
2390x768,1206
4480x1440,1096
1600x1200,1078
5760x1080,1072
2720x1024,1008
3600x1200,781
2726x768,749
3286x1200,746
3120x1050,734
1280x960,708
1152x864,681
1920x1848,643
3360x1200,603
5760x1200,542
3000x1920,523
2944x1080,520
5120x1080,483
2560x1600,440
4000x1440,433
1920x1980,426
2048x1152,404
5206x1080,391
5440x1080,373
5280x1080,360
2720x900,356
800x600,308
1400x1050,290
1920x2160,279
2624x900,277
2560x1080,274
2646x768,271
4480x1080,269
5120x1440,242
1368x768,239
3280x1080,238
2960x900,221
3120x1920,220
3200x1800,212
3840x1440,208
5040x1050,201
2464x900,198
3840x1024,190
4240x1440,186
1920x1880,185
1920x1018,179
1024x600,177
2720x768,175
2730x1680,174
1680x1818,170
5120x1200,170
2160x1440,167
3280x1200,165
1920x2100,164
1366x664,160
2304x1280,159
4480x1600,158
2880x1200,157
2880x1620,154
3456x1080,154
1440x1668,151
2304x1024,149
2966x1200,145
2646x800,139
4800x1350,134
1600x796,130
5440x1200,127
1536x864,126
4726x1050,125
4160x1440,121
4960x1050,120
3840x1164,119
5120x1600,119
5520x1200,118
1280x936,117
1920x1016,115
2500x1600,114
5520x1080,112
4920x1920,111
4320x1350,110
1360x700,106
3840x1154,104
1920x2280,103
1600x1668,98
1920x984,97
3840x2160,95
4880x1080,91
1366x1536,90
2560x720,89
1594x832,88
1920x2000,88
4566x900,88
4800x1080,86
4800x1200,86
2880x1800,84
3968x1152,83
5206x1200,81
3840x1136,79
3926x1024,79
4320x900,79
1366x663,78
2646x1034,78
2704x1050,77
6400x1440,77
4280x1920,75
4310x1080,73
2304x800,71
5280x1200,71
1366x1792,69
1920x976,69
2560x2340,69
2970x1680,68
3200x1164,68
4096x1152,68
2640x1024,66
2680x1920,66
3840x1218,66
2390x1280,65
1920x1968,64
2966x1000,64
5760x2160,64
1600x1000,62
1600x822,62
3120x1600,60
3040x1200,59
2304x768,58
1920x1024,57
3840x1270,57
3840x1980,57
3840x1312,56
1280x962,55
1366x706,55
1600x804,55
1680x1950,55
2560x2240,55
3360x1063,54
3520x1164,54
4224x1080,54
4640x1050,54
1920x954,53
2560x1104,53
2944x1280,52
3640x1920,52
4566x1080,51
3286x1164,50
3840x1207,50
3840x1282,50
5200x1200,50
1680x994,49
2766x1050,49
3286x1175,49
3584x1440,49
3648x1152,49
3840x1247,49
4160x1024,49
4326x1050,49
4480x1200,49
1280x920,48
4400x1125,48
4600x1920,48
4800x900,48
5200x1080,48
5920x1440,48
1366x728,47
2446x1920,47
2720x1924,47
3520x1196,47
3360x1024,46
3360x1121,46
1920x1096,45
2732x1536,45
3600x2100,45
4000x1077,45
1440x812,44
1526x1668,44
1920x2130,44
2732x1159,44
3200x1172,44
5888x1200,44
1680x1028,43
3328x1280,43
4652x1080,43
1600x960,42
2732x848,42
3840x1009,42
4960x1920,42
5120x1136,42
2560x1053,41
3840x2280,41
4200x1680,41
1600x800,40
3840x1110,40
3840x1297,40
6560x1440,40
2560x800,39
3200x990,39
3360x1132,39
4160x1600,39
1200x1920,38
1904x998,38
1914x1012,38
1920x952,38
2560x2490,38
2646x960,38
2820x1440,38
4440x1920,38
1600x1924,37
1600x838,37
1674x982,37
2048x1280,37
2624x1280,37
3072x1080,37
3600x2130,37
3840x1084,37
3840x1248,37
5040x1920,37
2048x768,36
3600x1094,36
3840x1101,36
3840x1848,36
5200x1226,36
9387x2880,36
1018x700,35
1920x1032,35
2518x864,35
2732x838,35
2734x768,35
2800x1600,35
2806x1020,35
3200x1226,35
4000x1080,35
4000x2560,35
1920x983,34
2390x901,34
2432x864,34
2560x1924,34
3840x1091,34
4800x1684,34
4890x1680,34
1680x946,33
2392x768,33
2560x1084,33
2880x1080,33
3286x1389,33
3840x1090,33
3840x1163,33
5120x1392,33
1366x680,32
1920x2040,32
2760x1920,32
2800x900,32
3286x1101,32
3286x1217,32
3286x1503,32
3968x1280,32
4000x1024,32
6080x1440,32
2752x900,31
2880x1225,31
3286x1239,31
3840x1239,31
4240x1600,31
4800x1125,31
6120x1620,31
6400x1080,31
1080x1920,30
1301x692,30
1680x902,30
1920x1050,30
1920x973,30
3046x1086,30
3200x1212,30
3360x1051,30
3600x1165,30
3600x1711,30
3840x2100,30
1301x744,29
1366x672,29
1920x1040,29
1995x1980,29
2560x1050,29
2560x1114,29
2560x960,29
2640x1094,29
2880x1134,29
2880x970,29
3200x1130,29
3280x1137,29
3600x1206,29
3760x1920,29
3840x1102,29
5040x2160,29
5240x1920,29
5760x1210,29
1920x975,28
2560x1346,28
2560x2640,28
3280x1214,28
3360x1106,28
3840x1086,28
5896x1200,28
6160x1440,28
6560x1786,28
2432x1024,27
2646x1344,27
3360x1273,27
3840x1175,27
4880x1200,27
5280x1239,27
1297x689,26
1301x722,26
1600x1500,26
2960x1301,26
3200x1101,26
3286x1165,26
3360x2560,26
3520x1168,26
3600x1085,26
3600x1166,26
3840x1217,26
3840x1230,26
4688x1110,26
4720x1050,26
4880x1106,26
4960x1200,26
5040x1389,26
1600x795,25
1858x1015,25
2400x900,25
2966x970,25
3046x1518,25
3360x1285,25
3360x2100,25
3600x1228,25
3840x1138,25
3840x1149,25
3840x1235,25
3840x1340,25
3840x1784,25
4864x1200,25
5120x1479,25
5760x1092,25
5760x1532,25
6010x1680,25
1364x706,24
1600x1024,24
1680x986,24
2390x798,24
2560x1048,24
2880x961,24
2880x990,24
3120x1530,24
3200x1140,24
3200x1514,24
3286x1097,24
3360x1061,24
3360x1066,24
3360x1142,24
3520x1272,24
3600x1156,24
3696x1080,24
4420x1600,24
5206x1307,24
1024x1280,23
1680x1850,23
1920x2104,23
2330x1680,23
2464x1280,23
2560x1400,23
2646x1104,23
2646x1114,23
2880x1101,23
2880x906,23
3040x937,23
3286x1159,23
3286x1196,23
3320x1080,23
3360x1225,23
3520x1154,23
3520x1161,23
3520x1376,23
3840x1188,23
3840x1197,23
3840x1587,23
3840x1737,23
3904x1200,23
5040x1080,23
6016x1152,23
1366x671,22
1366x722,22
1680x945,22
1920x1002,22
2500x1440,22
2646x1049,22
2646x1134,22
2966x988,22
3072x768,22
3200x1431,22
3520x1138,22
3520x900,22
3600x1406,22
3840x1258,22
3840x2104,22
4726x1080,22
5440x1258,22
1299x707,21
1350x655,21
1839x1015,21
1920x986,21
2640x800,21
2646x1194,21
2880x1924,21
2960x1071,21
3200x1307,21
3286x1269,21
3520x1213,21
3520x2000,21
3840x1107,21
3840x1196,21
3840x1330,21
4310x1280,21
4800x1500,21
5080x1920,21
5120x1024,21
5440x1104,21
5520x1230,21
7360x1620,21
1900x1056,20
2048x840,20
2360x1920,20
2390x819,20
2560x1054,20
2560x1094,20
2959x2240,20
3000x2280,20
3200x1112,20
3200x1408,20
3216x1050,20
3286x1135,20
3364x1440,20
3520x1236,20
3520x1745,20
3728x1152,20
3968x1080,20
4320x1454,20
1274x700,19
1366x738,19
1680x1007,19
1900x1080,19
2048x1800,19
2390x934,19
2400x1600,19
2534x1848,19
2560x768,19
2732x778,19
3200x1196,19
3200x1500,19
3600x1093,19
3840x1556,19
4366x1920,19
5184x1600,19
1152x720,18
1160x686,18
1350x674,18
1674x981,18
1674x992,18
1824x768,18
1883x948,18
1900x1000,18
1920x1144,18
2160x1920,18
2400x1920,18
2880x1148,18
2880x1482,18
3120x2100,18
3200x1152,18
3286x1323,18
3360x1163,18
3360x1286,18
3520x1252,18
3520x2100,18
3700x1313,18
3840x1186,18
3840x1514,18
4896x1080,18
5440x2560,18
5760x1228,18
7040x1600,18
1024x640,17
1364x693,17
1366x704,17
1390x842,17
1600x1700,17
1600x1800,17
1600x799,17
1600x950,17
1670x984,17
1920x1001,17
1920x1058,17
2043x1315,17
2640x1920,17
2732x824,17
2820x1525,17
3200x1222,17
3200x1495,17
3280x1503,17
3286x1186,17
3360x1236,17
3600x1218,17
3680x1080,17
3840x1157,17
4160x1154,17
4246x1415,17
5120x1365,17
5520x1206,17
5760x1593,17
1440x796,16
1440x838,16
1854x1020,16
1920x1095,16
1920x1440,16
2560x1034,16
2560x1058,16
2560x1334,16
2646x1312,16
3046x1085,16
3200x1253,16
3200x1848,16
3286x1244,16
3286x1421,16
3360x1153,16
3360x1295,16
3713x2100,16
3840x1320,16
3926x1440,16
4240x1050,16
4480x2400,16
4486x1050,16
4560x1080,16
4624x1280,16
4886x1080,16
5056x1170,16
5760x1104,16
5760x1159,16
640x480,16
7200x1080,16
1048x1680,15
1280x658,15
1440x852,15
1871x1034,15
1900x1003,15
1920x1014,15
1920x1057,15
1920x1085,15
2400x1350,15
2966x1029,15
3200x1154,15
3200x910,15
3286x1180,15
3360x1260,15
3360x1818,15
3520x1186,15
3520x1195,15
3584x1024,15
3840x1166,15
3840x2400,15
3969x1152,15
4000x1280,15
4012x768,15
4410x1680,15
4566x1163,15
4736x1080,15
4929x1152,15
5120x1566,15
5440x1217,15
5440x2048,15
5680x1920,15
5760x1620,15
944x980,15
1280x1002,14
1350x677,14
1371x821,14
1600x1130,14
1600x836,14
1920x1105,14
1920x2250,14
1920x977,14
2048x1536,14
2390x898,14
2520x1920,14
2646x1295,14
2646x925,14
2880x909,14
2880x960,14
3200x1223,14
3286x1092,14
3286x1230,14
3360x1185,14
3520x1243,14
3600x2160,14
3840x1111,14
3840x1242,14
3840x1286,14
3840x1392,14
4108x1080,14
4480x2880,14
4560x1050,14
4800x1204,14
4800x1544,14
4960x1600,14
4966x1200,14
5120x1800,14
5120x2340,14
5206x1084,14
5206x1234,14
5206x1274,14
6400x1867,14
1274x956,13
1280x972,13
1364x664,13
1366x653,13
1366x746,13
1440x1050,13
1440x1700,13
1916x902,13
1916x990,13
1920x1013,13
1920x2400,13
1920x962,13
1920x978,13
1920x998,13
2080x800,13
2304x1824,13
2304x864,13
2560x1185,13
2880x1165,13
2960x1132,13
2966x1049,13
3046x1204,13
3046x1269,13
3080x1066,13
3200x1119,13
3200x1297,13
3286x1320,13
3286x1329,13
3360x1060,13
3600x1501,13
3600x2000,13
3840x1017,13
3840x1120,13
3840x1133,13
3840x1187,13
3840x1211,13
4100x1080,13
5206x1530,13
5280x1115,13
5440x1094,13
5440x1229,13
5440x1241,13
5760x1268,13
5760x1322,13
5760x1495,13
6720x1649,13
7520x1600,13
1313x719,12
1356x668,12
1366x674,12
1500x1025,12
1600x803,12
1672x984,12
1680x980,12
1788x1818,12
2560x1367,12
2646x1138,12
3000x1926,12
3142x1000,12
3200x1117,12
3200x1204,12
3200x966,12
3286x1096,12
3286x1282,12
3286x1372,12
3286x1464,12
3360x1133,12
3840x1094,12
3840x1165,12
3840x1329,12
4500x1313,12
4566x1096,12
4966x1080,12
5014x1152,12
5440x1170,12
5520x1204,12
6400x1200,12
9920x2160,12
1317x722,11
1366x702,11
1440x860,11
1531x821,11
1569x704,11
1600x814,11
1680x1004,11
1744x1042,11
1920x1102,11
1920x965,11
2005x2400,11
2304x1160,11
2340x1440,11
2560x1032,11
2646x1120,11
2646x1280,11
2752x902,11
2800x1050,11
2806x1290,11
2820x1600,11
2880x971,11
2966x982,11
3040x912,11
3200x1115,11
3200x1216,11
3200x1278,11
3200x1543,11
3200x920,11
3280x1051,11
3286x1235,11
3286x1486,11
3286x864,11
3520x1094,11
3520x1111,11
3520x1165,11
3520x1380,11
3600x1122,11
3600x1188,11
3840x1039,11
3840x1128,11
3840x1169,11
3840x1204,11
3840x1263,11
3888x1050,11
4020x1680,11
4054x1336,11
4246x900,11
4480x1920,11
4566x1173,11
4720x1129,11
4720x1600,11
5760x1227,11
5760x1230,11
7680x1200,11
1008x648,10
1274x687,10
1276x944,10
1280x696,10
1280x901,10
1328x817,10
1440x806,10
1584x798,10
1600x805,10
1636x1848,10
1652x998,10
1712x907,10
1780x997,10
1920x1017,10
1920x932,10
2180x1440,10
2240x900,10
2304x818,10
2398x1239,10
2560x1144,10
2720x1080,10
2880x1167,10
2944x1200,10
2966x990,10
3200x1108,10
3200x1120,10
3200x1173,10
3200x1208,10
3200x1274,10
3360x1503,10
3520x1216,10
3584x1280,10
3600x1050,10
3610x1680,10
3648x1200,10
3840x1274,10
3926x1080,10
4320x1500,10
4400x1500,10
4480x900,10
4800x1050,10
4800x1101,10
4886x1155,10
5120x1196,10
5280x1263,10
5440x1179,10
5440x1185,10
5760x1248,10
6400x1600,10
1264x930,9
1280x600,9
1280x930,9
1366x705,9
1393x904,9
1440x777,9
1526x836,9
1550x800,9
1596x866,9
1680x1042,9
1704x898,9
1776x997,9
1784x1144,9
1898x1315,9
1916x898,9
1920x1037,9
1920x1053,9
1964x1411,9
2048x1044,9
2214x768,9
2266x1600,9
2432x870,9
2560x1339,9
2560x978,9
2720x1111,9
2720x1155,9
2732x788,9
2734x787,9
2880x910,9
3000x1050,9
3000x1941,9
3120x1144,9
3200x1240,9
3280x1127,9
3280x1208,9
3286x1249,9
3286x1367,9
3353x996,9
3360x1122,9
3360x1150,9
3360x1404,9
3520x1118,9
3520x1155,9
3520x1241,9
3520x1368,9
3584x1239,9
3600x1138,9
3600x1163,9
3600x1191,9
3760x2023,9
3840x1129,9
4000x2275,9
4200x1920,9
4240x1080,9
4560x1920,9
4896x1050,9
4960x1080,9
5120x1186,9
5280x1137,9
5280x1409,9
6400x2340,9
1024x706,8
1151x768,8
1256x707,8
1274x732,8
1315x692,8
1366x682,8
1368x800,8
1420x1792,8
1440x2560,8
1600x2100,8
1680x964,8
1680x988,8
1840x958,8
1901x964,8
1904x986,8
2166x768,8
2560x1173,8
2560x1243,8
2640x1080,8
2640x768,8
2646x1144,8
2646x1245,8
2650x1680,8
2730x2529,8
2806x1079,8
2806x1152,8
2966x1048,8
3000x1980,8
3046x1321,8
3200x1171,8
3200x1294,8
3286x1201,8
3286x1281,8
3356x999,8
3360x1071,8
3360x1118,8
3360x1515,8
3519x2160,8
3520x1158,8
3520x1228,8
3600x1524,8
3600x1920,8
3840x1096,8
3840x1127,8
3840x1241,8
3840x1301,8
3840x1593,8
4000x1600,8
4000x1794,8
4024x1920,8
4080x1440,8
4098x768,8
4160x900,8
4400x1050,8
4406x900,8
4800x1536,8
4864x1080,8
5040x1076,8
5120x1290,8
5120x2104,8
5280x1211,8
5520x1950,8
5600x2560,8
5632x1845,8
5760x1733,8
5824x1181,8
5888x1152,8
1162x616,7
1278x947,7
1280x946,7
1317x714,7
1360x663,7
1360x810,7
1366x716,7
1434x871,7
1440x818,7
1524x965,7
1531x793,7
1588x799,7
1600x1096,7
1616x1668,7
1640x930,7
1716x1014,7
1840x1026,7
1851x1001,7
1920x1031,7
1920x2360,7
1920x987,7
2048x1024,7
2560x1316,7
2560x1848,7
2560x2680,7
2646x1044,7
2726x916,7
2728x2000,7
2880x1980,7
2880x929,7
2902x864,7
2960x1076,7
2960x1137,7
3046x1408,7
3077x2100,7
3136x900,7
3200x1136,7
3200x1184,7
3200x1210,7
3200x1277,7
3200x1282,7
3200x1331,7
3280x1060,7
3286x1089,7
3286x1189,7
3286x1202,7
3360x1351,7
3360x1462,7
3360x2280,7
3520x1197,7
3520x1896,7
3600x1105,7
3600x1260,7
3840x1162,7
3840x1209,7
3840x1213,7
3840x1302,7
3840x1355,7
3840x1780,7
3968x1373,7
4000x1659,7
4000x2208,7
4400x1600,7
4480x1757,7
4566x1161,7
5120x1498,7
5120x1680,7
5200x1146,7
5280x1136,7
5600x1633,7
5632x2048,7
5760x1572,7
7200x1778,7
1024x647,6
1050x949,6
1152x768,6
1211x904,6
1280x927,6
1300x692,6
1350x647,6
1350x656,6
1360x1792,6
1364x702,6
1405x860,6
1440x873,6
1494x877,6
1530x806,6
1680x1020,6
1680x1024,6
1680x973,6
1704x1004,6
1740x1055,6
1916x1011,6
1920x1015,6
1920x1116,6
1998x1186,6
2304x2592,6
2400x2430,6
2560x1057,6
2560x1151,6
2560x1328,6
2560x1520,6
2720x1038,6
2732x884,6
2880x1124,6
2880x1155,6
2880x1346,6
2880x2700,6
2880x932,6
2960x1053,6
2960x1111,6
3000x2191,6
3040x1900,6
3080x1050,6
3120x1230,6
3200x1082,6
3200x1133,6
3200x1263,6
3200x1316,6
3200x1339,6
3280x1168,6
3280x1445,6
3280x1540,6
3286x1236,6
3286x1270,6
3286x1318,6
3328x1152,6
3360x1072,6
3360x1100,6
3360x1390,6
3520x1190,6
3520x1194,6
3520x1199,6
3520x1217,6
3520x1256,6
3520x1980,6
3600x1177,6
3600x1587,6
3600x1818,6
3628x1080,6
3640x2340,6
3840x1158,6
3840x1159,6
3840x1183,6
3840x1210,6
3840x1294,6
3840x1600,6
3840x3060,6
3926x768,6
4160x1540,6
4400x1350,6
4480x1197,6
4480x1217,6
4480x2001,6
4566x1463,6
4640x900,6
5120x2490,6
5120x2640,6
5136x1200,6
5280x1603,6
5280x1980,6
6000x1440,6
6000x2160,6
6300x1313,6
6528x1440,6
900x1400,6
1045x600,5
1176x885,5
1238x613,5
1264x911,5
1266x696,5
1344x840,5
1349x648,5
1360x664,5
1364x672,5
1364x733,5
1366x657,5
1391x828,5
1416x987,5
1432x840,5
1440x814,5
1440x836,5
1491x1118,5
1536x1848,5
1540x800,5
1600x1136,5
1648x1977,5
1664x768,5
1671x984,5
1680x916,5
1680x956,5
1693x986,5
1779x1314,5
1884x990,5
1913x1052,5
1920x1138,5
2015x2130,5
2048x1952,5
2100x1680,5
2101x2273,5
2304x1064,5
2560x1088,5
2560x1124,5
2560x2160,5
2646x1080,5
2646x1108,5
2732x819,5
2880x1050,5
2880x1062,5
2880x2560,5
2960x1122,5
3008x1692,5
3120x1070,5
3200x1134,5
3280x1333,5
3286x1194,5
3286x1207,5
3286x1307,5
3286x1380,5
3286x1466,5
3286x1848,5
3360x1073,5
3360x1160,5
3360x1179,5
3360x1245,5
3360x1306,5
3360x1950,5
3360x2074,5
3440x1440,5
3520x1242,5
3520x1244,5
3520x1466,5
3720x1125,5
3840x1137,5
3840x1148,5
3840x1206,5
3840x1317,5
3840x1388,5
3850x1920,5
4000x1507,5
4000x1750,5
4080x1920,5
4086x1212,5
4128x1080,5
4160x1080,5
4480x1820,5
4486x1920,5
4800x1304,5
4880x1440,5
4966x1256,5
5120x1556,5
5632x2304,5
6480x1620,5
8320x2160,5
1018x699,4
1018x706,4
1024x678,4
1052x539,4
1152x870,4
1270x699,4
1270x749,4
1277x678,4
1280x730,4
1280x878,4
1280x898,4
1304x702,4
1309x725,4
1348x674,4
1350x665,4
1351x828,4
1360x671,4
1362x615,4
1366x703,4
1390x841,4
1422x850,4
1436x821,4
1440x779,4
1440x807,4
1440x834,4
1442x924,4
1454x973,4
1497x904,4
1582x799,4
1594x1132,4
1600x1968,4
1660x925,4
1680x943,4
1680x959,4
1708x960,4
1716x902,4
1783x1144,4
1800x1000,4
1846x1016,4
1856x1136,4
1878x994,4
1908x1004,4
1916x1022,4
1919x1122,4
1920x1083,4
1920x1177,4
2018x2280,4
2132x1968,4
2490x1680,4
2556x1448,4
2560x1350,4
2624x1020,4
2646x1131,4
2646x1387,4
2680x1050,4
2720x1057,4
2732x878,4
2806x919,4
2880x1111,4
2880x1132,4
2960x1054,4
2960x980,4
2966x1668,4
2970x1848,4
3000x1976,4
3040x1039,4
3040x1330,4
3040x910,4
3046x1091,4
3046x1329,4
3046x1818,4
3120x1172,4
3120x1225,4
3134x992,4
3200x1083,4
3200x1166,4
3200x1827,4
3200x1924,4
3200x2160,4
3280x1477,4
3280x1680,4
3286x1145,4
3286x1154,4
3286x1172,4
3286x1216,4
3360x1125,4
3360x1180,4
3488x1152,4
3520x1122,4
3520x1175,4
3520x1280,4
3520x1292,4
3520x1606,4
3520x1644,4
3600x1092,4
3600x1171,4
3600x1220,4
3648x1536,4
3824x1132,4
3840x1106,4
3840x1193,4
3840x1272,4
3840x1278,4
3840x1292,4
3840x1315,4
3840x1344,4
3840x1425,4
3840x1446,4
3840x1920,4
3968x1200,4
4000x1761,4
4086x900,4
4160x1028,4
4200x1125,4
4224x1384,4
4368x1080,4
4480x1674,4
4520x2543,4
5120x1535,4
5120x1645,4
5120x1841,4
5152x1848,4
5206x1239,4
5280x1110,4
5280x1117,4
5280x1190,4
5280x1380,4
5280x1456,4
5440x1393,4
5440x1620,4
5760x1215,4
5760x1313,4
5760x1342,4
5760x1357,4
6000x1249,4
6480x1200,4
6528x1728,4
6720x1050,4
7200x1363,4
7360x1323,4
7918x2160,4
830x525,4
8492x1800,4
1000x645,3
1006x694,3
1041x757,3
1097x654,3
1158x862,3
1200x616,3
1242x789,3
1262x614,3
1264x922,3
1268x994,3
1272x928,3
1274x928,3
1280x664,3
1280x669,3
1280x739,3
1280x778,3
1280x873,3
1280x958,3
1344x756,3
1360x765,3
1364x674,3
1364x726,3
1366x673,3
1366x679,3
1366x744,3
1366x822,3
1390x836,3
1390x843,3
1394x843,3
1395x880,3
1396x722,3
1418x978,3
1424x780,3
1436x845,3
1440x1024,3
1440x576,3
1440x775,3
1440x795,3
1448x886,3
1516x1668,3
1536x863,3
1551x829,3
1598x794,3
1624x918,3
1647x1668,3
1652x1000,3
1664x978,3
1674x1021,3
1680x1019,3
1680x2074,3
1680x904,3
1680x936,3
1680x974,3
1700x1158,3
1710x997,3
1800x1012,3
1824x1026,3
1851x1028,3
1855x1034,3
1888x982,3
1892x952,3
1900x1050,3
1914x1132,3
1920x1025,3
1920x1028,3
1920x1034,3
1920x1074,3
1920x1098,3
1920x1178,3
1920x961,3
1920x964,3
1920x979,3
1920x994,3
1924x1078,3
2000x1125,3
2048x1920,3
2048x787,3
2124x1314,3
2142x1328,3
2265x2393,3
2364x2104,3
2384x969,3
2400x1210,3
2432x720,3
2556x1422,3
2560x1044,3
2560x1069,3
2560x1108,3
2560x1112,3
2560x1336,3
2560x1880,3
2566x1920,3
2568x1684,3
2580x1440,3
2580x1600,3
2632x900,3
2646x1001,3
2646x1188,3
2646x1408,3
2720x1064,3
2726x842,3
2726x850,3
2732x787,3
2732x798,3
2755x1980,3
2760x1050,3
2768x1080,3
2806x1094,3
2806x936,3
2806x998,3
2880x1114,3
2880x951,3
2960x1060,3
2960x1246,3
2966x1114,3
2966x1423,3
3040x1050,3
3046x1191,3
3120x1080,3
3200x1010,3
3200x1024,3
3200x1090,3
3200x1238,3
3200x1289,3
3200x1300,3
3260x2012,3
3280x1108,3
3286x1170,3
3286x1229,3
3286x1415,3
3286x1570,3
3286x937,3
3320x1117,3
3356x996,3
3360x1055,3
3360x1065,3
3360x1119,3
3360x1127,3
3360x1166,3
3360x1202,3
3360x1302,3
3360x1435,3
3408x960,3
3520x1249,3
3520x1685,3
3584x1600,3
3600x1230,3
3600x1543,3
3600x1887,3
3700x1125,3
3840x1093,3
3840x1124,3
3840x1156,3
3840x1178,3
3840x1192,3
3840x1221,3
3840x1253,3
3840x1364,3
3840x1486,3
3968x1237,3
4020x1710,3
4092x948,3
4166x1080,3
4246x1024,3
4480x1599,3
4480x1686,3
4500x1351,3
4566x1610,3
4640x1080,3
4707x2084,3
4890x2160,3
4928x1692,3
4960x1223,3
5040x1200,3
5120x1208,3
5120x1241,3
5120x1823,3
5440x1362,3
5440x1647,3
5440x1782,3
5680x1600,3
5760x1239,3
5760x1267,3
5760x1368,3
5760x1521,3
5920x1600,3
600x960,3
6240x1440,3
7040x1440,3
7200x1525,3
909x1004,3
912x1120,3
974x782,3
1008x647,2
10240x2160,2
1024x576,2
1024x949,2
1050x1680,2
1071x724,2
1088x614,2
1092x614,2
1097x613,2
1100x688,2
1136x640,2
1152x683,2
1156x616,2
1216x751,2
1234x647,2
1260x688,2
1262x939,2
1264x734,2
1264x787,2
1264x866,2
1270x823,2
1278x900,2
12800x2700,2
1280x701,2
1299x1088,2
1301x693,2
1319x824,2
1344x1088,2
1344x633,2
1348x647,2
1350x657,2
1350x705,2
1354x667,2
1360x674,2
1364x700,2
1366x768,2,
1366x1024,2
1366x1368,2
1366x631,2
1366x667,2
1384x1536,2
1390x883,2
1409x813,2
1410x987,2
1424x850,2
1427x820,2
1430x792,2
1432x874,2
1434x831,2
1440x1800,2
1440x762,2
1440x783,2
1440x822,2
1440x830,2
1440x855,2
1440x872,2
1440x878,2
1441x901,2
1452x1728,2
1500x1000,2
1520x1080,2
1548x911,2
1550x850,2
1566x782,2
1568x796,2
1586x792,2
1586x799,2
1586x848,2
1586x970,2
1588x1150,2
1592x798,2
1596x722,2
1596x748,2
1600x1074,2
1600x785,2
1600x878,2
1612x1038,2
1639x1792,2
1660x1004,2
1661x934,2
1664x930,2
1674x898,2
1676x1005,2
1676x937,2
1679x927,2
1680x1023,2
1680x2100,2
1680x957,2
1688x1042,2
1706x986,2
1741x1022,2
1748x1042,2
1768x992,2
1775x911,2
1788x1144,2
1813x1028,2
1837x1015,2
1839x959,2
1840x1016,2
1842x978,2
1846x1136,2
1848x1072,2
1858x1135,2
1862x848,2
1898x884,2
1902x934,2
1902x956,2
1904x1080,2
1904x967,2
1904x970,2
1904x997,2
1913x1172,2
1914x1007,2
1916x888,2
1920x1003,2
1920x1056,2
1920x1101,2
1920x1122,2
1920x1136,2
1920x929,2
1920x960,2
1920x963,2
1920x966,2
1920x968,2
1920x980,2
1920x985,2
1920x999,2
1980x1080,2
2000x2580,2
2026x1216,2
2060x1091,2
2080x1024,2
2140x1290,2
2148x1152,2
2160x1303,2
2180x1000,2
2186x1216,2
2284x1249,2
2304x1296,2
2326x768,2
2340x1600,2
2384x849,2
2430x1246,2
2496x1377,2
2532x1281,2
2544x914,2
2558x876,2
2560x1037,2
2560x1128,2
2560x1337,2
2560x1344,2
2560x1364,2
2560x1376,2
2560x1578,2
2564x1362,2
2579x1848,2
2592x900,2
2608x1980,2
2640x1050,2
2646x1033,2
2646x1058,2
2646x1060,2
2646x1084,2
2646x842,2
2647x1980,2
2688x1360,2
2732x1154,2
2732x774,2
2732x957,2
2752x990,2
2800x1920,2
2805x1980,2
2806x1165,2
2806x910,2
2806x980,2
2806x992,2
2840x1050,2
2880x1036,2
2880x1265,2
2880x1313,2
2880x1414,2
2880x986,2
2944x1270,2
2966x1100,2
2966x1110,2
2966x1140,2
2966x948,2
2970x1710,2
3040x1211,2
3040x954,2
3046x1082,2
3046x1233,2
3046x1260,2
3046x1546,2
3120x1120,2
3120x1639,2
3200x1000,2
3200x1060,2
3200x1081,2
3200x1116,2
3200x1135,2
3200x1165,2
3200x1236,2
3200x1254,2
3200x1279,2
3200x1290,2
3200x1395,2
3200x1465,2
3200x970,2
3200x980,2
3280x1120,2
3280x1156,2
3280x1184,2
3280x1255,2
3280x1302,2
3280x1328,2
3280x1390,2
3286x1178,2
3286x1265,2
3286x1321,2
3286x1332,2
3286x1359,2
3286x1393,2
3286x1428,2
3328x1191,2
3360x1014,2
3360x1057,2
3360x1242,2
3360x1325,2
3360x1375,2
3360x1797,2
3360x961,2
3456x1200,2
3520x1084,2
3520x1119,2
3520x1121,2
3520x1162,2
3520x1240,2
3520x1266,2
3520x1300,2
3520x1358,2
3520x1364,2
3520x1447,2
3520x1532,2
3600x1168,2
3600x1169,2
3600x1174,2
3600x1186,2
3600x1249,2
3600x1250,2
3600x1317,2
3688x1080,2
3696x1917,2
3720x1200,2
3756x768,2
3760x2000,2
3807x1021,2
3840x1007,2
3840x1132,2
3840x1151,2
3840x1296,2
3840x1303,2
3840x1309,2
3840x1345,2
3840x1379,2
3840x1404,2
3840x1468,2
3840x1800,2
3840x975,2
3880x1200,2
3926x1273,2
3968x2160,2
4000x1350,2
4000x1590,2
4000x1643,2
4000x2040,2
4020x1624,2
4096x1080,2
4160x1732,2
4208x2556,2
4224x1296,2
4240x1629,2
4320x1200,2
4464x1599,2
4480x1270,2
4566x1200,2
4640x1096,2
4640x1287,2
4800x1620,2
4864x1280,2
5000x1600,2
5024x1920,2
5120x1116,2
5440x1480,2
5440x1607,2
5760x1125,2
5760x1149,2
5760x1153,2
5760x1440,2
5760x1584,2
6016x1080,2
6656x1440,2
6912x1728,2
7200x1350,2
7360x1280,2
7680x1219,2
806x708,2
837x788,2
853x683,2
8640x2160,2
8704x1080,2
942x934,2
960x600,2
1000x678,1
1001x751,1
1004x584,1
1007x648,1
1008x674,1
1008x678,1
1017x763,1
1024x648,1
1024x656,1
1024x716,1
1024x780,1
1024x819,1
1024x855,1
1039x1002,1
1040x552,1
1040x556,1
1044x603,1
1046x949,1
1048x701,1
1050x700,1
1052x674,1
1052x676,1
1052x799,1
1068x726,1
1076x759,1
1077x1000,1
1098x850,1
1110x516,1
1144x679,1
1145x762,1
1147x650,1
1153x820,1
1155x897,1
1162x615,1
1165x582,1
1171x924,1
1173x555,1
1174x786,1
1176x664,1
1194x677,1
1196x684,1
1196x877,1
1197x749,1
1200x1600,1
1200x700,1
1208x610,1
1213x879,1
12200x2625,1
1220x614,1
1220x912,1
1224x884,1
1228x768,1
1234x925,1
1236x787,1
1240x604,1
1242x640,1
1242x643,1
1244x640,1
1244x815,1
1252x734,1
1252x760,1
1253x820,1
1254x798,1
1259x930,1
1261x904,1
1262x679,1
1262x922,1
1263x930,1
1264x659,1
1264x677,1
1264x780,1
1264x900,1
1264x920,1
1265x716,1
1266x614,1
1270x1018,1
1270x924,1
1270x990,1
1273x866,1
1276x646,1
1276x784,1
1276x971,1
1278x883,1
1278x908,1
1278x946,1
1280x1011,1
1280x1018,1
1280x1022,1
1280x688,1
1280x700,1
1280x710,1
1280x714,1
1280x716,1
1280x718,1
1280x734,1
1280x750,1
1280x773,1
1280x825,1
1280x842,1
1280x928,1
1280x929,1
1280x937,1
1280x948,1
1280x957,1
1280x994,1
1282x648,1
1296x972,1
1298x1017,1
1301x723,1
1304x712,1
1304x714,1
1314x613,1
1316x1088,1
1320x720,1
1320x786,1
1322x798,1
1322x819,1
1323x912,1
1324x877,1
1326x893,1
1330x736,1
1333x1088,1
1334x808,1
1338x639,1
1340x641,1
1342x838,1
1344x655,1
1344x659,1
1344x674,1
1345x640,1
1348x643,1
1348x649,1
1348x666,1
1348x689,1
1348x690,1
1350x602,1
1350x616,1
1350x638,1
1350x666,1
1350x667,1
1350x768,1
1351x884,1
1352x664,1
1354x666,1
1354x669,1
1354x699,1
1355x792,1
1356x590,1
1356x614,1
1356x818,1
1357x693,1
1358x663,1
1358x800,1
1360x644,1
1360x672,1
1360x691,1
1360x699,1
1360x760,1
1360x766,1
1360x872,1
1362x583,1
1362x616,1
1362x666,1
1362x678,1
1362x716,1
1364x666,1
1364x704,1
1366x1728,1
1366x610,1
1366x617,1
1366x618,1
1366x622,1
1366x623,1
1366x659,1
1366x661,1
1366x677,1
1366x684,1
1366x689,1
1366x715,1
1366x766,1
1366x767,1
1366x800,1
1367x792,1
1367x866,1
1368x770,1
1376x818,1
1383x1088,1
1391x912,1
1393x777,1
1400x842,1
1400x850,1
1400x875,1
1400x900,1
1400x950,1
1404x818,1
1409x934,1
1410x986,1
1411x987,1
1412x987,1
1413x975,1
1414x850,1
1414x978,1
1414x987,1
1415x795,1
1415x977,1
1416x846,1
1417x730,1
1418x850,1
1420x850,1
1422x816,1
1425x768,1
1428x801,1
1435x818,1
1436x834,1
1436x855,1
1440x1924,1
1440x2160,1
1440x730,1
1440x763,1
1440x764,1
1440x769,1
1440x786,1
1440x791,1
1440x797,1
1440x800,1
1440x810,1
1440x821,1
1440x877,1
1441x872,1
1443x1350,1
1479x1062,1
1495x992,1
1498x885,1
1500x798,1
1502x960,1
1509x712,1
1532x878,1
1536x827,1
1542x871,1
1562x900,1
1570x776,1
1570x789,1
1570x798,1
1576x786,1
1576x796,1
1576x798,1
1576x850,1
1576x883,1
1580x791,1
1580x798,1
1580x799,1
1582x796,1
1584x770,1
1584x780,1
1584x788,1
1584x792,1
1584x867,1
1586x785,1
1588x778,1
1588x863,1
1589x845,1
1590x792,1
1590x793,1
1590x799,1
1592x799,1
1594x1142,1
1594x799,1
1594x819,1
1596x1170,1
1596x850,1
1598x1001,1
1598x894,1
1598x994,1
1600x1080,1
1600x2000,1
1600x749,1
1600x754,1
1600x774,1
1600x777,1
1600x801,1
1600x812,1
1600x936,1
1603x1668,1
1603x977,1
1604x902,1
1605x888,1
1608x982,1
1610x888,1
1616x1438,1
1620x1080,1
1623x2104,1
1636x987,1
1640x870,1
1644x1930,1
1646x894,1
1647x910,1
1651x2000,1
1651x948,1
1652x982,1
1659x927,1
1660x1010,1
1662x996,1
1663x929,1
1663x979,1
1664x1080,1
1664x875,1
1664x929,1
1664x948,1
1664x959,1
1680x878,1
1680x932,1
1680x944,1
1680x953,1
1680x992,1
1680x997,1
1692x995,1
1700x1004,1
1704x921,1
1707x960,1
1712x1038,1
1712x911,1
1716x938,1
1719x822,1
1728x972,1
1736x1128,1
1739x930,1
1739x959,1
1742x874,1
1742x928,1
1756x937,1
1768x1950,1
1771x1189,1
1773x1108,1
1773x1950,1
1775x1026,1
1775x888,1
1775x900,1
1775x923,1
1775x935,1
1775x959,1
1776x1000,1
1783x848,1
1801x1004,1
1806x1064,1
1810x1018,1
1812x1018,1
1814x1134,1
1816x1018,1
1823x1081,1
1834x1018,1
1852x1058,1
1854x942,1
1855x1010,1
1855x1056,1
1856x1017,1
1858x1013,1
1858x1016,1
1858x1017,1
1858x1024,1
1862x972,1
1869x1034,1
1876x1018,1
1876x1020,1
1884x999,1
1887x960,1
1892x1188,1
1896x981,1
1902x936,1
1902x947,1
1902x964,1
1903x925,1
1904x1000,1
1904x1068,1
1904x1158,1
1904x910,1
1904x945,1
1904x959,1
1904x978,1
1904x988,1
1910x875,1
1912x991,1
1916x1062,1
1916x882,1
1916x884,1
1916x922,1
1916x987,1
1920x1007,1
1920x1054,1
1920x1060,1
1920x1062,1
1920x1066,1
1920x1071,1
1920x1078,1
1920x1090,1
1920x1100,1
1920x1142,1
1920x1173,1
1920x467,1
1920x947,1
1920x953,1
1920x956,1
1920x958,1
1920x990,1
1920x991,1
1928x1232,1
1953x1980,1
1953x2160,1
1971x1453,1
1980x1200,1
1982x998,1
2006x768,1
2022x1254,1
2029x2130,1
2040x1152,1
2042x1126,1
2048x1080,1
2050x1848,1
2076x1264,1
2094x1848,1
2103x1061,1
2148x1216,1
2171x1261,1
2172x1126,1
2180x1252,1
2183x1179,1
2229x1206,1
2233x1848,1
2240x1024,1
2259x1164,1
2290x1260,1
2304x720,1
2350x1302,1
2370x1342,1
2390x848,1
2390x858,1
2390x924,1
2400x1500,1
2400x2393,1
2430x1085,1
2432x1280,1
2446x1848,1
2454x1273,1
2480x1050,1
2480x1600,1
2489x1395,1
2490x1174,1
2495x1147,1
2512x864,1
2515x1310,1
2517x1314,1
2518x1053,1
2531x2280,1
2542x913,1
2558x900,1
2559x1256,1
2560x1033,1
2560x1042,1
2560x1043,1
2560x1125,1
2560x1165,1
2560x1175,1
2560x1189,1
2560x1191,1
2560x1195,1
2560x1309,1
2560x1322,1
2560x1343,1
2560x1413,1
2560x1496,1
2560x2104,1
2564x1510,1
2618x1980,1
2646x1074,1
2646x1079,1
2646x1125,1
2646x1175,1
2646x1178,1
2646x1205,1
2646x1242,1
2646x1322,1
2646x1396,1
2646x1536,1
2646x1635,1
2646x790,1
2646x838,1
2651x1968,1
2685x1880,1
2688x1366,1
2704x1280,1
2722x1438,1
2732x1135,1
2732x1369,1
2732x868,1
2732x978,1
2760x2130,1
2806x1018,1
2806x1232,1
2806x1377,1
2816x2160,1
2820x2100,1
2860x1980,1
2861x1848,1
2866x808,1
2880x1033,1
2880x1065,1
2880x1092,1
2880x1100,1
2880x1232,1
2880x1275,1
2880x1303,1
2880x1600,1
2880x1920,1
2880x2048,1
2880x905,1
2880x980,1
2880x985,1
2944x1164,1
2960x1020,1
2960x1309,1
2960x1562,1
2966x1042,1
2966x1088,1
2966x1247,1
2970x1735,1
2970x1792,1
2979x1980,1
2982x928,1
3000x2359,1
3004x2052,1
3040x1004,1
3040x1090,1
3040x1490,1
3040x975,1
3046x1142,1
3046x1153,1
3046x1262,1
3046x1350,1
3048x1024,1
3072x1920,1
3104x1026,1
3120x1194,1
3184x1440,1
3200x1076,1
3200x1102,1
3200x1114,1
3200x1144,1
3200x1161,1
3200x1213,1
3200x1215,1
3200x1265,1
3200x1318,1
3200x1355,1
3200x1482,1
3200x1496,1
3200x1497,1
3200x1880,1
3200x943,1
3200x967,1
3215x3240,1
3234x1980,1
3244x1014,1
3274x1080,1
3280x1209,1
3280x1237,1
3280x1247,1
3280x1493,1
3280x1777,1
3286x1091,1
3286x1099,1
3286x1167,1
3286x1191,1
3286x1195,1
3286x1266,1
3286x1288,1
3286x1306,1
3286x1328,1
3286x1356,1
3286x1381,1
3286x1442,1
3286x1498,1
3286x1506,1
3286x1554,1
3286x1782,1
3286x768,1
3286x986,1
3343x2340,1
3347x996,1
3360x1078,1
3360x1138,1
3360x1145,1
3360x1183,1
3360x1207,1
3360x1255,1
3360x1269,1
3360x1290,1
3360x1363,1
3360x1599,1
3383x1980,1
3413x1920,1
3414x1536,1
3414x768,1
3424x960,1
3440x1598,1
3448x1050,1
3488x1458,1
3488x900,1
3492x1200,1
3520x1146,1
3520x1170,1
3520x1207,1
3520x1250,1
3520x1308,1
3520x1323,1
3520x1324,1
3520x1347,1
3520x1353,1
3520x1452,1
3520x1491,1
3520x1506,1
3520x1577,1
3520x2280,1
3584x1080,1
3600x1083,1
3600x1106,1
3600x1155,1
3600x1159,1
3600x1178,1
3600x1198,1
3600x1235,1
3600x1239,1
3600x1263,1
3600x1353,1
3600x1364,1
3600x1440,1
3840x1034,1
3840x1050,1
3840x1109,1
3840x1113,1
3840x1139,1
3840x1177,1
3840x1180,1
3840x1184,1
3840x1198,1
3840x1260,1
3840x1327,1
3840x1334,1
3840x1337,1
3840x1360,1
3840x1436,1
3840x1461,1
3840x1463,1
3840x1483,1
3840x1564,1
3840x1620,1
3840x1880,1
3840x1883,1
3900x2400,1
3968x1328,1
3969x1307,1
4000x1185,1
4000x1333,1
4000x1490,1
4000x1829,1
4000x1860,1
4006x768,1
4020x1313,1
4020x1351,1
4032x1080,1
4100x1600,1
4200x1442,1
4260x1440,1
4310x1284,1
4320x1475,1
4353x1296,1
4360x1920,1
4384x1080,1
4400x1032,1
4406x1032,1
4480x1300,1
4480x1548,1
4480x2340,1
4566x1330,1
4566x1513,1
4566x1555,1
4570x1696,1
4640x1200,1
4646x1200,1
4652x768,1
4726x1130,1
4726x1239,1
4800x3240,1
4880x1050,1
4928x1620,1
5010x1080,1
5040x1350,1
5040x1399,1
5050x1680,1
5120x1093,1
5120x1222,1
5120x1732,1
5206x1507,1
5280x1240,1
5280x1513,1
5440x1112,1
5440x1175,1
5440x1260,1
5440x1756,1
5520x1086,1
5760x1103,1
5760x1241,1
5760x1253,1
5760x1427,1
6400x3600,1
640x400,1
6656x2771,1
6720x2462,1
6912x2160,1
7280x1440,1
7360x1200,1
7680x1080,1
768x480,1
775x758,1
784x562,1
784x928,1
800x454,1
811x775,1
838x630,1
852x722,1
8640x1620,1
884x448,1
896x451,1
902x424,1
929x470,1
9360x1080,1
942x960,1
944x1019,1
944x959,1
956x839,1
9600x2400,1
987x570,1
996x662,1
